SECCION,DISTRITO
1,3
2,3
3,3
4,3
5,3
6,3
7,3
8,3
9,3
10,3
11,3
12,3
13,3
14,3
15,3
16,3
17,3
18,3
19,3
20,3
21,3
22,3
23,3
24,3
25,3
26,3
27,3
28,3
29,3
30,3
31,3
32,3
33,3
34,3
35,3
36,3
37,3
38,3
39,3
40,3
42,3
43,3
44,3
45,3
46,3
47,3
48,3
49,3
50,3
51,3
52,3
53,3
54,3
55,3
56,3
57,3
58,3
59,3
60,3
61,3
62,3
63,3
64,2
65,3
66,3
67,3
68,2
69,2
70,2
71,3
72,3
73,3
74,3
75,3
76,3
77,3
78,2
79,3
80,2
83,2
84,2
85,2
86,2
87,2
88,2
89,2
90,2
91,2
92,2
93,2
94,2
95,2
96,2
97,2
99,2
100,2
101,2
102,2
103,2
104,2
105,2
106,2
107,2
108,2
109,2
110,2
111,2
112,2
113,2
114,2
115,2
116,2
117,2
118,2
119,2
120,2
121,2
122,2
123,2
124,2
125,2
126,2
127,2
128,2
129,2
130,2
131,2
132,2
133,2
134,2
135,2
136,2
137,2
138,2
139,2
140,2
141,2
142,2
143,2
144,2
145,2
146,2
147,2
148,2
149,2
150,2
151,2
152,2
153,2
154,2
155,2
157,2
158,2
159,2
160,2
162,3
163,3
164,3
165,3
167,3
168,3
169,3
170,3
171,3
172,3
173,3
174,3
175,3
176,3
177,3
178,3
179,3
180,3
181,3
182,3
183,3
184,3
185,3
186,3
187,3
188,3
189,3
190,3
191,3
192,3
193,3
194,3
195,3
196,3
197,3
198,3
199,3
200,3
201,3
202,3
203,3
204,3
205,3
206,3
207,3
208,3
209,3
210,3
211,3
212,3
213,3
214,3
215,3
216,3
217,3
218,3
219,3
220,3
221,3
222,3
223,3
224,3
225,3
226,3
227,3
228,3
229,3
230,3
231,3
232,3
233,3
234,3
235,3
236,3
237,3
238,3
239,3
240,3
241,3
242,3
243,3
244,3
245,3
246,3
247,3
248,3
249,3
250,3
251,3
252,3
253,3
254,3
255,3
256,3
257,3
258,3
259,3
260,3
261,3
262,3
263,3
264,3
265,3
266,3
267,3
268,3
269,3
270,3
271,3
272,3
273,3
274,3
275,3
276,3
277,3
278,3
279,3
280,3
281,3
282,3
283,3
284,3
285,3
286,3
287,3
288,3
289,3
290,3
291,3
292,3
293,3
294,3
295,3
296,3
297,3
298,3
299,3
300,3
301,3
302,3
303,3
304,3
305,3
306,3
307,3
308,3
309,3
310,3
311,3
312,3
313,3
314,3
315,3
316,2
317,2
320,3
321,3
322,3
323,3
324,3
326,3
327,3
328,3
329,3
330,3
331,3
332,3
333,3
334,3
335,3
336,3
337,3
338,1
339,1
340,1
341,1
342,1
343,1
344,1
345,1
346,1
347,1
348,1
349,1
350,1
351,1
352,1
353,1
354,1
355,1
356,1
357,1
358,1
359,1
360,1
361,1
362,1
363,1
364,1
365,1
366,1
367,1
369,1
370,1
371,1
372,1
373,1
374,1
375,1
376,1
377,1
378,1
379,1
380,1
381,1
382,1
383,1
384,1
385,1
386,1
387,1
388,1
389,1
390,1
391,1
392,1
393,1
394,1
395,1
396,1
397,1
398,1
399,1
400,1
401,1
402,1
403,1
404,1
405,1
406,1
407,1
408,1
409,1
410,1
411,1
412,1
413,1
414,1
415,1
416,1
417,1
418,1
419,1
420,1
421,1
422,1
423,1
424,1
425,1
426,1
427,1
428,1
429,1
430,1
431,1
432,1
433,1
434,1
435,1
437,1
438,1
439,1
440,1
441,1
442,1
443,1
444,1
445,1
446,1
447,1
448,1
449,1
450,1
451,1
452,1
453,1
454,1
455,1
456,1
457,1
458,1
460,1
461,1
462,1
463,1
464,1
465,1
466,1
467,1
468,1
469,1
470,1
471,1
472,1
473,1
474,1
475,1
476,1
477,1
478,1
479,1
480,1
481,1
482,1
483,1
484,1
485,1
486,1
488,1
489,2
490,2
491,2
492,2
493,2
494,2
495,2
496,2
497,2
498,2
499,2
500,2
501,2
502,2
503,2
504,2
505,2
506,2
507,2
508,2
509,2
510,2
511,2
512,2
513,2
514,3
515,3
516,3
517,3
518,3
519,3
520,3
521,3
522,3
523,3
524,3
525,3
526,3
527,3
528,3
529,3
530,2
531,2
532,2
533,2
534,2
535,3
536,3
537,3
538,3
539,3
540,3
541,3
542,3
543,3
544,3
545,3
546,3
547,3
548,2
549,2
550,2
551,2
552,2
553,2
554,2
555,2
556,2
557,2
558,2
559,2
560,2
561,2
562,2
563,2
564,2
565,2
566,2
567,2
568,2
569,2
570,2
571,2
572,2
573,2
574,2
575,2
576,2
577,2
578,2
579,2
580,2
581,2
582,2
583,2
584,2
585,2
586,2
587,2
588,2
589,2
590,2
591,2
592,2
593,2
594,2
595,2
596,2
597,2
598,2
599,2
600,2
601,2
602,2
603,2
604,2
605,2
606,2
607,2
608,2
609,2
610,2
611,2
612,2
613,2
614,2
615,2
616,2
617,2
618,3
619,3
620,3
621,3
622,3
623,3
624,3
625,3
626,3
627,3
628,3
629,3
630,3
631,3
632,1
633,1
634,1
635,2
636,2
637,2
638,2
639,2
640,2
641,2
642,2
643,2
644,2
645,2
646,3
647,3
648,3
649,3
650,3
651,3
